{"stats":{"minecraft:mined":{"minecraft:grass":9,"minecraft:tall_grass":1,"minecraft:grass_block":6,"minecraft:oak_log":1},"minecraft:picked_up":{"minecraft:oak_log":1,"minecraft:dirt":5},"minecraft:dropped":{"minecraft:dirt":5,"minecraft:oak_log":1},"minecraft:custom":{"minecraft:jump":8,"minecraft:time_since_rest":506,"minecraft:leave_game":1,"minecraft:sprint_one_cm":1597,"minecraft:play_time":506,"minecraft:time_since_death":506,"minecraft:walk_one_cm":1721,"minecraft:total_world_time":506,"minecraft:drop":2,"minecraft:fall_one_cm":209,"minecraft:fly_one_cm":1888}},"DataVersion":3465}